書名,作者,超連結
書名,作者,超連結
做自己，為什麼還要說抱歉？,作者：林依晨,https://www.books.com.tw/products/0010912984?loc=P_0003_001
原子習慣：細微改變帶來巨大成就的實證法則,作者：詹姆斯‧克利爾,https://www.books.com.tw/products/0010822522?loc=P_0003_002
【限量親簽】大概是時間在煮我吧,作者：張西,https://www.books.com.tw/products/0010916485?loc=P_0003_003
男孩、鼴鼠、狐狸與馬,作者：查理‧麥克斯,https://www.books.com.tw/products/0010914874?loc=P_0003_004
ETF實戰週記：樂活大叔的52個叮嚀,作者：施昇輝,https://www.books.com.tw/products/0010912341?loc=P_0003_005
蛤蟆先生去看心理師（暢銷300萬冊！英國心理諮商經典，附《蛤蟆先生勇氣藏書卡》組）,作者：羅伯．狄保德,https://www.books.com.tw/products/0010914794?loc=P_0003_006
不敗學習力：學霸都在用的10大聰明讀書法（博客來獨家贈送限量劉軒推薦康乃爾筆記本）,作者：劉軒,https://www.books.com.tw/products/0010915920?loc=P_0003_007
小資致富術：用主題式ETF錢滾錢,作者：陳重銘,https://www.books.com.tw/products/0010909106?loc=P_0003_008
新制多益 NEW TOEIC 單字大全：2018起多益更新單字資訊完全掌握！(附13小時8種版本MP3),作者：David Cho,https://www.books.com.tw/products/0010771883?loc=P_0003_009
我想跟你好好說話：賴佩霞的六堂「非暴力溝通」入門課,作者：賴佩霞,https://www.books.com.tw/products/0010853918?loc=P_0003_010
深夜食堂 24,作者：安倍夜郎,https://www.books.com.tw/products/0010914845?loc=P_0003_011
療傷遊戲 重新開始 2(首刷限定版),作者：日ノ原巡,https://www.books.com.tw/products/0010910610?loc=P_0003_012
全新！新制多益TOEIC聽力／閱讀題庫解析【博客來獨家套書】：全新收錄精準 10 回模擬試題！徹底反映命題趨勢、大幅提升實戰能力！（附2 MP3＋音檔下載QR碼）,作者：Hackers Academia,https://www.books.com.tw/products/0010884862?loc=P_0003_013
投資最重要的事：一本股神巴菲特讀了兩遍的書,作者：霍華．馬克斯,https://www.books.com.tw/products/0010744933?loc=P_0003_014
打造小小巴菲特 贏在起跑點：陳重銘的親子理財15堂課,作者：陳重銘,https://www.books.com.tw/products/0010888905?loc=P_0003_015
洛克菲勒寫給兒子的三十封信(新版),作者：約翰‧D‧洛克菲勒,https://www.books.com.tw/products/0010804152?loc=P_0003_016
赤瞳者04母親（完）【番外明信片珍藏版】,作者：晨羽,https://www.books.com.tw/products/0010914601?loc=P_0003_017
QUNing：未泯版(特裝),作者：峮峮（吳函峮）,https://www.books.com.tw/products/0010916228?loc=P_0003_018
QUNing：初心版(平裝),作者：峮峮（吳函峮）,https://www.books.com.tw/products/0010916235?loc=P_0003_019
走路：獨處的實踐（平裝）,作者：龍應台,https://www.books.com.tw/products/0010914593?loc=P_0003_020
好好再見 不負遇見,作者：黃山料,https://www.books.com.tw/products/0010911069?loc=P_0003_021
金老佛爺的韓式餐桌：小菜‧鍋物‧下酒菜‧韓劇韓綜必吃美味，45道私房料理指南,作者：金老佛爺,https://www.books.com.tw/products/0010914261?loc=P_0003_022
葬送的芙莉蓮 5 (首刷限定版),"作者：山田鐘人,阿部司",https://www.books.com.tw/products/0010911438?loc=P_0003_023
在黑暗的日子裡，陪伴是最溫暖的曙光：大熊貓與小小龍的相伴旅程,作者：詹姆斯．諾柏瑞,https://www.books.com.tw/products/0010913465?loc=P_0003_024
時間，才是最後的答案,作者：角子,https://www.books.com.tw/products/0010911428?loc=P_0003_025
被討厭的勇氣：自我啟發之父「阿德勒」的教導,"作者：岸見一郎,古賀史健",https://www.books.com.tw/products/0010653153?loc=P_0003_026
NO GAME NO LIFE 遊戲人生 11.遊戲玩家兄妹似乎必須成為情侶才能離開 (首刷限定版),作者：榎宮祐,https://www.books.com.tw/products/0010914844?loc=P_0003_027
ONE PIECE航海王 101 (首刷限定版),作者：尾田榮一郎,https://www.books.com.tw/products/0010912804?loc=P_0003_028
上一堂人生國文課：希望老師有教我的事，關於際遇、抉擇、傷痛，以及無論順逆都能優雅起身,作者：羊咩老師,https://www.books.com.tw/products/0010914632?loc=P_0003_029
富爸爸，窮爸爸（20週年紀念版）,作者：羅勃特‧T‧清崎,https://www.books.com.tw/products/0010791121?loc=P_0003_030
一年投資5分鐘：打造每月3萬被動收入，免看盤、不選股的最強小資理財法,作者：陳逸朴（小資YP）,https://www.books.com.tw/products/0010911539?loc=P_0003_031
走路：獨處的實踐（限量簽名精裝）,作者：龍應台,https://www.books.com.tw/products/0010914623?loc=P_0003_032
6年存到300張股票2022修訂版：股子股息讓股票零成本,作者：陳重銘,https://www.books.com.tw/products/0010912004?loc=P_0003_033
咒術迴戰 18,作者：芥見下々,https://www.books.com.tw/products/0010914126?loc=P_0003_034
全新制怪物講師教學團隊的TOEIC多益5回全真模擬試題+解析【修訂版】（2書＋1CD＋文法教學影片＋「Youtor App」內含VRP虛擬點讀筆＋防水書套）,"作者：林政翰,怪物講師教學團隊（台灣）",https://www.books.com.tw/products/0010903540?loc=P_0003_035
手把手教你如何從匯差獲利：我用100美金，幫自己穩當加薪,作者：金牌獵人 朱均澤,https://www.books.com.tw/products/0010914418?loc=P_0003_036
神奇柑仔店11：失控的最強驅蟲香水,作者：廣嶋玲子,https://www.books.com.tw/products/0010911942?loc=P_0003_037
神奇柑仔店12：神祕人與駱駝輕鬆符,作者：廣嶋玲子,https://www.books.com.tw/products/0010911961?loc=P_0003_038
買房勝經：高房價時代不被坑 ，黑心房市全集新修版,作者：Sway,https://www.books.com.tw/products/0010912723?loc=P_0003_039
好好生活 慢慢相遇：30歲，想把溫柔留給自己,作者：黃山料,https://www.books.com.tw/products/0010891987?loc=P_0003_040
全知讀者視角03,作者：sing N song,https://www.books.com.tw/products/0010914628?loc=P_0003_041
我也曾想過，殺了過去的自己。：做自己，是需要付出代價的。（博客來獨家雙書衣+明信片版）,作者：Peter Su,https://www.books.com.tw/products/0010913105?loc=P_0003_042
天鵝與蝙蝠【博客來獨家書封愛恨曲折版】,作者：東野圭吾,https://www.books.com.tw/products/0010913801?loc=P_0003_043
窮查理的普通常識（增修版）：巴菲特50年智慧合夥人查理．蒙格的人生哲學,作者：查理‧蒙格,https://www.books.com.tw/products/0010817729?loc=P_0003_044
療傷遊戲 重新開始 2,作者：日ノ原巡,https://www.books.com.tw/products/0010910608?loc=P_0003_045
颶光典籍四部曲：戰爭節奏（上下冊套書）,作者：布蘭登．山德森,https://www.books.com.tw/products/0010915078?loc=P_0003_046
轉念的力量（限量新春暖心版）：不被念頭綁架，選擇你的人生，讓心靈自由,作者：賴佩霞,https://www.books.com.tw/products/0010914547?loc=P_0003_047
您好！歡迎光臨別家門市【博客來獨家限定番外別冊特別版】：台灣NO.1「超商系」插畫粉絲團「別家門市」首度開張！臉書、IG超過20萬粉絲敲碗期待！,作者：茉莉,https://www.books.com.tw/products/0010915242?loc=P_0003_048
《與你襄遇》林襄寫真書,作者：林襄,https://www.books.com.tw/products/0010913847?loc=P_0003_049
天鵝與蝙蝠【限量精裝版】：每本均附有東野圭吾燙金印刷簽名＋專屬收藏編號,作者：東野圭吾,https://www.books.com.tw/products/0010913798?loc=P_0003_050
打敗疫情：1年賺1400萬的肥羊養股術,作者：翁建原,https://www.books.com.tw/products/0010914215?loc=P_0003_051
新制多益TOEIC題庫解析：狠準5回聽力＋閱讀模擬試題，完全反映最新命題趨勢、全方位建立新制多益實戰能力！(雙書裝＋2MP3),作者：Hackers Academia,https://www.books.com.tw/products/0010792645?loc=P_0003_052
藍色時期 11 (首刷限定版),作者：山口飛翔,https://www.books.com.tw/products/0010914523?loc=P_0003_053
我的網紅男友外傳小說～現正同居中～ 全 (首刷限定版),作者：碰碰俺爺,https://www.books.com.tw/products/0010915501?loc=P_0003_054
戀上換裝娃娃 7,作者：福田晋一,https://www.books.com.tw/products/0010913784?loc=P_0003_055
如果歷史是一群喵(9)：五代十國篇【萌貓漫畫學歷史】,作者：肥志,https://www.books.com.tw/products/0010916142?loc=P_0003_056
破繭而出的蝴蝶,作者：孫中光,https://www.books.com.tw/products/0010914016?loc=P_0003_057
烘焙女王的減醣料理課＋烘焙女王的黃金關鍵30天瘦身日記 【合購、親簽＋贈品】,作者：麥田金,https://www.books.com.tw/products/0010916263?loc=P_0003_058
只買4支股，年賺18%（全新加強版）,作者：施昇輝,https://www.books.com.tw/products/0010850513?loc=P_0003_059
Notion人生管理術：從0開始，打造專屬自己的All in One高效數位系統,作者：牧羊妮,https://www.books.com.tw/products/0010912201?loc=P_0003_060
蒼之炎,作者：羽生結弦,https://www.books.com.tw/products/0010860824?loc=P_0003_061
高手學習：「精英日課」人氣作家，教你學精、學廣，煉成別人拿不走的超強自學力,作者：萬維鋼,https://www.books.com.tw/products/0010881760?loc=P_0003_062
阿共打來怎麼辦：你以為知道但實際一無所知的台海軍事常識,"作者：王立,沈伯洋",https://www.books.com.tw/products/0010911397?loc=P_0003_063
長生石的守護者（《養心》《修煉》作者最新作品）,作者：陳郁如,https://www.books.com.tw/products/0010911795?loc=P_0003_064
用生活常識就能看懂財務報表,作者：林明樟,https://www.books.com.tw/products/0010704573?loc=P_0003_065
股息Cover我每一天：600張存股達人絕活全公開,作者：大俠武林,https://www.books.com.tw/products/0010898998?loc=P_0003_066
世界最神奇的24堂課,作者：查爾斯．哈奈爾,https://www.books.com.tw/products/0010356789?loc=P_0003_067
新制多益TOEIC單字／全新！聽力＋閱讀 題庫大全【博客來獨家套書】：最完備、全面的新制多益學習套書（附3 MP3＋互動式聽力答題訓練光碟＋音檔下載QR碼）,作者：David Cho,https://www.books.com.tw/products/0010904111?loc=P_0003_068
投機者的撲克：操盤十八年手記,作者：扁蟲魚,https://www.books.com.tw/products/0010912784?loc=P_0003_069
蒼之炎II-飛翔編-,作者：羽生結弦,https://www.books.com.tw/products/0010860826?loc=P_0003_070
過度努力：每個「過度」，都是傷的證明,作者：周慕姿,https://www.books.com.tw/products/0010885064?loc=P_0003_071
咒術迴戰 18 (首刷限定版),作者：芥見下々,https://www.books.com.tw/products/0010914129?loc=P_0003_072
沒有女人的男人們（電影書腰全心出發版）,作者：村上春樹,https://www.books.com.tw/products/0010914061?loc=P_0003_073
兔之森 2 (首刷限定版),作者：苑生,https://www.books.com.tw/products/0010912796?loc=P_0003_074
【限量】戰鬥吧！成語：歡迎登入厭世國文伺服器（附贈「戰鬥吧！人生」出門必問之骰一組2款）,作者：厭世國文老師,https://www.books.com.tw/products/0010914791?loc=P_0003_075
看故事，學寫作：李崇建帶領王牌寫作天團到你家！23個創作靈感X24個寫作技巧，助你輕鬆寫出好作文(共2冊),"作者：李崇建,張詩亞,張佳詩",https://www.books.com.tw/products/0010893342?loc=P_0003_076
【1書+1日記】3分鐘未來日記：寫下的願望真的都實現了！,"作者：山田弘美,濱田真由美",https://www.books.com.tw/products/0010906172?loc=P_0003_077
撒哈拉獨眼狼 全(首刷限定版),作者：五月女えむ,https://www.books.com.tw/products/0010910601?loc=P_0003_078
沉溺在熱吻之後 全 (特裝版),作者：まさき茉生,https://www.books.com.tw/products/0010911755?loc=P_0003_079
全新制20次多益滿分的怪物講師TOEIC多益單字+文法（附1CD+防水書套）,作者：怪物講師教學團隊（台灣）,https://www.books.com.tw/products/0010785313?loc=P_0003_080
進擊的巨人 人物角色名鑑 FINAL 全,作者：諫山創,https://www.books.com.tw/products/0010912282?loc=P_0003_081
人工擁抱,作者：潘柏霖,https://www.books.com.tw/products/0010859832?loc=P_0003_082
似曾相識：洪仕晟寫真書 Robert’s 1st Photobook,"作者：洪仕晟,深夜名堂",https://www.books.com.tw/products/0010914460?loc=P_0003_083
致富心態：關於財富、貪婪與幸福的20堂理財課,作者：摩根．豪瑟,https://www.books.com.tw/products/0010882259?loc=P_0003_084
堀與宮村(16)完 限定版,"作者：HERO,萩原ダイスケ",https://www.books.com.tw/products/0010916330?loc=P_0003_085
ONE PIECE航海王 101,作者：尾田榮一郎,https://www.books.com.tw/products/0010912803?loc=P_0003_086
逆襲者的求生筆記：你可以不腹黑，但別讓自己活得太委屈,作者：莎莉夫人（Ms. Sally）,https://www.books.com.tw/products/0010912750?loc=P_0003_087
非暴力溝通：愛的語言（全新增訂版）,作者：馬歇爾．盧森堡,https://www.books.com.tw/products/0010831754?loc=P_0003_088
Hot Heart吳心緹．寫真【特裝版】,作者：吳心緹,https://www.books.com.tw/products/0010916058?loc=P_0003_089
我也曾想過，殺了過去的自己。：做自己，是需要付出代價的。(限量親簽版),作者：Peter Su,https://www.books.com.tw/products/0010913113?loc=P_0003_090
呂昇達：職人手作吐司全書-從名店熱銷白吐司到日本人氣頂級吐司，一次學會八大類型開店秒殺職人手作技法,作者：呂昇達,https://www.books.com.tw/products/0010912367?loc=P_0003_091
跟一行禪師過日常【7冊合售】,作者：一行禪師,https://www.books.com.tw/products/0010841319?loc=P_0003_092
素還真 電影設定集,作者：黃強華,https://www.books.com.tw/products/0010908856?loc=P_0003_093
指定出租男友 全(首刷限定版),作者：百瀬あん,https://www.books.com.tw/products/0010910592?loc=P_0003_094
慣性討好：不再無底限迎合，找回關係自主權的18堂課,作者：蘇絢慧,https://www.books.com.tw/products/0010911057?loc=P_0003_095
愛的藝術（史上最暢銷心理學不朽經典世紀新譯本）：心理學大師佛洛姆談愛的真諦，一本學習如何去愛的聖經,作者：埃里希．佛洛姆,https://www.books.com.tw/products/0010903645?loc=P_0003_096
劉博仁不藏私的健腦祕密：活化大腦一點都不難，六堂課養出健康好腦,作者：劉博仁,https://www.books.com.tw/products/0010912139?loc=P_0003_097
遊戲師【博客來獨家燙金書衣版＋限量燙銀書籤】：《裝幀師》作者瑰麗奇想⧒絕美新作,作者：布莉琪．柯林斯,https://www.books.com.tw/products/0010914745?loc=P_0003_098
菈菈的婚禮 第三卷【限】【首刷限定版】,作者：ためこう,https://www.books.com.tw/products/0010914440?loc=P_0003_099
歡迎光臨夢境百貨：您所訂購的夢已銷售一空,作者：李美芮,https://www.books.com.tw/products/0010897792?loc=P_0003_100
